{
  "products":[
      {
          "id":0,
          "img":"https://lp2.hm.com/hmgoepprod?set=quality%5B79%5D%2Csource%5B%2F30%2Fde%2F30de7dc54bc99809f71aefb7865abeef8db70bae.jpg%5D%2Corigin%5Bdam%5D%2Ccategory%5B%5D%2Ctype%5BLOOKBOOK%5D%2Cres%5Bm%5D%2Chmver%5B1%5D&call=url[file:/product/main]",
          "title":"벨티드 트윌 코트",
          "price":99900,
          "choice":true,
          "new":true,
          "size":["S","M","L"]

      },
      {
          "id":1,
          "img":"https://lp2.hm.com/hmgoepprod?set=source[/af/50/af50afa939c28ba24fd263fb573b4ad5f0858b14.jpg],origin[dam],category[],type[DESCRIPTIVESTILLLIFE],res[y],hmver[2]&call=url[file:/product/main]",
          "title":"슬림핏 맘 하이웨이스트 앵클 진",
          "price":29900,
          "choice":true,
          "new":true,
          "size":["S","M","L"]

      },
      {
          "id":2,
          "img":"https://lp2.hm.com/hmgoepprod?set=source[/e8/d5/e8d5e19c83c8a576de18f301c271340c7a69095a.jpg],origin[dam],category[],type[LOOKBOOK],res[z],hmver[1]&call=url[file:/product/main]",
          "title":"와이드 하이웨이스트 진",
          "price":39900,
          "choice":false,
          "new":true,
          "size":["S","M","L"]

      },
      {
          "id":3,
          "img":"https://lp2.hm.com/hmgoepprod?set=source[/c1/7f/c17fa2bce0ff7aa27494b6ab570eec738ddcec69.jpg],origin[dam],category[],type[DESCRIPTIVESTILLLIFE],res[y],hmver[2]&call=url[file:/product/main]",
          "title":"퍼프 슬리브 드레스",
          "price":39900,
          "choice":false,
          "new":true,
          "size":["S","M","L"]

      },
      {
          "id":4,
          "img":"https://lp2.hm.com/hmgoepprod?set=source[/f0/79/f079bbd71d3998a7123d18f99dcd7267cf8eba8e.jpg],origin[dam],category[ladies_tops_croppedtops],type[LOOKBOOK],res[z],hmver[1]&call=url[file:/product/main]",
          "title":"프릴 디테일 블라우스",
          "price":29900,
          "choice":true,
          "new":false,
          "size":["S","M","L"]

      },
      {
          "id":5,
          "img":"https://lp2.hm.com/hmgoepprod?set=format%5Bwebp%5D%2Cquality%5B79%5D%2Csource%5B%2Fd8%2F4b%2Fd84bad44c59dcf4a1fa0eb61c4cba09eaff26d1d.jpg%5D%2Corigin%5Bdam%5D%2Ccategory%5B%5D%2Ctype%5BLOOKBOOK%5D%2Cres%5Bm%5D%2Chmver%5B1%5D&call=url%5Bfile%3A%2Fproduct%2Fmain%5D",
          "title":"자카드 셔츠 드레스",
          "price":39900,
          "choice":false,
          "new":false,
          "size":["S","M","L"]

      },
      {
          "id":6,
          "img":"https://lp2.hm.com/hmgoepprod?set=source[/b5/96/b5964f904378b2d7434146f128099051250b07d8.jpg],origin[dam],category[],type[DESCRIPTIVESTILLLIFE],res[y],hmver[2]&call=url[file:/product/main]",
          "title":"더블 브레스티드 재킷",
          "price":39900,
          "choice":true,
          "new":false,
          "size":["S","M","L"]

      },
      {
          "id":7,
          "img":"https://lp2.hm.com/hmgoepprod?set=quality%5B79%5D%2Csource%5B%2F81%2Ff8%2F81f8108716234e716edf9488be72886ee1c2604c.jpg%5D%2Corigin%5Bdam%5D%2Ccategory%5B%5D%2Ctype%5BLOOKBOOK%5D%2Cres%5Bm%5D%2Chmver%5B1%5D&call=url[file:/product/main]",
          "title":"오버사이즈 집업 후디",
          "price":99900,
          "choice":false,
          "new":true,
          "size":["S","M","L"]

      },
      {
          "id":8,
          "img":"https://lp2.hm.com/hmgoepprod?set=source[/c7/de/c7de2ac139658de9d8124690d40ba5c9109e46e5.jpg],origin[dam],category[],type[LOOKBOOK],res[z],hmver[1]&call=url[file:/product/fullscreen]",
          "title":"프린트 크롭트 탑",
          "price":14900,
          "choice":true,
          "new":true,
          "size":["S","M","L"]

      },
      {
          "id":9,
          "img":"https://lp2.hm.com/hmgoepprod?set=format%5Bwebp%5D%2Cquality%5B79%5D%2Csource%5B%2F02%2F3d%2F023d6e5f3f1eb83fbab9c8297ecf4806667a9f30.jpg%5D%2Corigin%5Bdam%5D%2Ccategory%5B%5D%2Ctype%5BDESCRIPTIVESTILLLIFE%5D%2Cres%5Bm%5D%2Chmver%5B2%5D&call=url%5Bfile%3A%2Fproduct%2Fmain%5D",
          "title":"프린트 티셔츠",
          "price":19900,
          "choice":false,
          "new":true,
          "size":["S","M","L"]

      },
      {
          "id":10,
          "img":"https://lp2.hm.com/hmgoepprod?set=quality%5B79%5D%2Csource%5B%2Fec%2Fea%2Fecea7975b5615ab4830204aff0c8e0c9abeb1c40.jpg%5D%2Corigin%5Bdam%5D%2Ccategory%5B%5D%2Ctype%5BLOOKBOOK%5D%2Cres%5Bm%5D%2Chmver%5B1%5D&call=url[file:/product/main]",
          "title":"와이드 트윌 팬츠",
          "price":19900,
          "choice":true,
          "new":false,
          "size":["S","M","L"]

      },
      {
          "id":11,
          "img":"https://lp2.hm.com/hmgoepprod?set=format%5Bwebp%5D%2Cquality%5B79%5D%2Csource%5B%2F75%2F7a%2F757aac2ff5e80856f3471726732a94e844b56da6.jpg%5D%2Corigin%5Bdam%5D%2Ccategory%5B%5D%2Ctype%5BDESCRIPTIVESTILLLIFE%5D%2Cres%5Bm%5D%2Chmver%5B2%5D&call=url%5Bfile%3A%2Fproduct%2Fmain%5D",
          "title":"플레어 로라이즈 진",
          "price":29900,
          "choice":true,
          "new":true,
          "size":["S","M","L"]

      },
      {
          "id":12,
          "img":"https://lp2.hm.com/hmgoepprod?set=format%5Bwebp%5D%2Cquality%5B79%5D%2Csource%5B%2F72%2F37%2F72378f74aaf00156494650ff71c10613c709f0f7.jpg%5D%2Corigin%5Bdam%5D%2Ccategory%5B%5D%2Ctype%5BDESCRIPTIVESTILLLIFE%5D%2Cres%5Bm%5D%2Chmver%5B2%5D&call=url%5Bfile%3A%2Fproduct%2Fmain%5D",
          "title":"프린트 크롭트 탑",
          "price":14900,
          "choice":true,
          "new":true,
          "size":["S","M","L"]

      },
      {
          "id":13,
          "img":"https://lp2.hm.com/hmgoepprod?set=quality%5B79%5D%2Csource%5B%2Fac%2F06%2Fac0657aab86748b26a17999c83434e76c7786e9f.jpg%5D%2Corigin%5Bdam%5D%2Ccategory%5B%5D%2Ctype%5BLOOKBOOK%5D%2Cres%5Bm%5D%2Chmver%5B1%5D&call=url[file:/product/main]",
          "title":"플레어 로라이즈 진",
          "price":29900,
          "choice":false,
          "new":false,
          "size":["S","M","L"]

      }
  ]
}